job_titles,job_descriptions,job_links
Online Python assignment help teacher required in Indore,"write MIPS program translate python programs to MIPS, implementing in MIPS different decisions (>=, <=,< and >)",https://www.teacheron.com/teacher-job/35WR
"Online Programming, Computer Science teacher needed in Maluri",I am interest in to learn python and programming.Can u contact me for more discussion,https://www.teacheron.com/teacher-job/35VR
Online HTML assignment help teacher required in Newtown,Computer science ExpertJavaPythonC C++Data structures algorithmJavascriptHtml cssShould have previous sample work vouches and experience in attempting quizzes assignemtsPay rate 800-1000 inr/hrLooking for indian individual Expert only,https://www.teacheron.com/teacher-job/35VK
Online Python assignment help teacher needed in Pune,Digital Image processing assignment with python google collab,https://www.teacheron.com/teacher-job/35Vp
Online Python tutor needed in Ernakulam,Phython Expert required for online individual class basics and advancedContact WhatsApp *********,https://www.teacheron.com/teacher-job/35Vn
"Online Programming, Python tutor required in Toulouse",I am looking for a Python tutor for my wife. She does not have any programming experience and is a complete beginner to programming in general. She would like to have regular online sessions to master Python programming.,https://www.teacheron.com/teacher-job/35Vf
Online Python assignment help teacher needed in Mallapur,I am looking python coding job support. I am looking for an online tutor or a home tutor for job support. Preferable timings for classes will be between 1p .m. and 6 p.m.,https://www.teacheron.com/teacher-job/35TJ
"Online Python, Python 3 tutor needed in Whitefield",I want to learn Python,https://www.teacheron.com/teacher-job/35Tx
"Online Python, JIRA teacher required in Ernakulam South",Jira cloud and Jira Align tool expertise.,https://www.teacheron.com/teacher-job/35Qe
Online Programming assignment help teacher needed in Sector 24,"Hey, I'm working on a modelling project (environmental engineering) which requires elaborate python coding and I need help with few bottlenecks. It will be great I you could spend 2-3 sessions with me and help me out. I do have working knowledge of Python but this seems a bit difficult. I would need assistance at an earliest.",https://www.teacheron.com/teacher-job/35O3
Online Python assignment help tutor required in Binghamton,I need someone who is good with webscraping using python. Plus firebase,https://www.teacheron.com/teacher-job/35O2
"Online Python, SQL, Power BI tutor needed in Hamilton","Looking to learn python,sql and power bi",https://www.teacheron.com/teacher-job/35HP
"Online CBSE, Computer Science tutor required in Namda Basti",Computer science and python for class 11 CBSE,https://www.teacheron.com/teacher-job/35NF
Online Python teacher required in Patna,I want Python training from beginner to expert level.,https://www.teacheron.com/teacher-job/35MW
Online Python assignment help teacher needed in Frankfurt,"Hello, I need Assignment help in Python ML+DL, anyone with having expertise in this domain can contact me via whatsapp *********",https://www.teacheron.com/teacher-job/35Mz
Online JAVA assignment help teacher needed in Jangareddigudem,"I WANT EXAM HELP IN PROGRAMMING LANGUAGES OF ANY (PYTHON,C,C++,JAVA)THE TEST IS FOE 45MINS AND TWO CODING QUESTION WE NEED TO SLOVE TWO QUESTIONS IN 45 MINS MOSTLY THER ARE QUESTION ON DATA STRUCTURES",https://www.teacheron.com/teacher-job/35GP
Online Python assignment help teacher required in Karimnagar,I am looking for someone who can help me with my algorithms and data structures assignment with expertise in python,https://www.teacheron.com/teacher-job/35G9
Online Coding assignment help tutor needed in Mumbai Central,Hey I have a high level python coding test I need help with. Work would be remotely on zoom for 60 minutes. It is expert level python. Please let me know if you can help.,https://www.teacheron.com/teacher-job/360V
Online Data Mining assignment help teacher needed in Nai Basti Dundahera,I am looking for a data mining expert in python language. Please contact me.,https://www.teacheron.com/teacher-job/35z4
Online Programming assignment help tutor needed in Quezon City,"I need help with python programming, specifically the basics, numpy, and pandas. Some of my exercises and assignments are easy enough to answer but some require a little bit of tutoring.",https://www.teacheron.com/teacher-job/35zw
Online Python tutor needed in Dwarka,I am looking the help for my son .. he needs help in python programming ..,https://www.teacheron.com/teacher-job/35wY
"Online DBMS, Python, SQL, Big Data teacher required in Epping","Hi Prernaji,I have completed my degree in commerce and IT long time ago in Australia. Since then not in touch with IT but I am keen to change career as a Data analyst. I need to develop all the database subject knowledge and skills for the career. Subject: Python, SQL, Big data, Meta data, DBMS etc. can you please help me.Thank...",https://www.teacheron.com/teacher-job/35wD
"Online Python, Machine Learning teacher needed in London","Machine learning, data analytics, python and coding expert needed for a kaggle project called Titanic. If anyone is interested please get in touch asap. Thank you.",https://www.teacheron.com/teacher-job/35vD
"Online Python, Scrapy teacher needed in Noida",I want to learn python scrapy so any one can help me,https://www.teacheron.com/teacher-job/35uB
"Online | home Python, Python for Machine Learning tutor required in Uttam Nagar",We Urgently Require Experience Python Faculty(expert level).Minimum 2 Year Teaching Experience Require In PythonPayment Hr Basisfirst whatsapp me resume on my number or mail me,https://www.teacheron.com/teacher-job/35qA
Online Python assignment help tutor needed in Huai Khwang,"Hi, I need some help connecting my python backend to reactUI, I am trying flask at the moment but open to other react frameworks",https://www.teacheron.com/teacher-job/35lT
Online JAVA assignment help tutor required in Sodepur,Hello mam im interested to join ur coaching. Please give reply to this no. Its also my WhatsApp number,https://www.teacheron.com/teacher-job/35lb
Online Python assignment help teacher required in Banjara Hills,HiI need tutoring for 2-3 hours,https://www.teacheron.com/teacher-job/35kW
Online Verbal Reasoning assignment help teacher needed in Sanjeeva Reddy Nagar,"need quantitative , verbal ,reasoning and python as well",https://www.teacheron.com/teacher-job/35jy
"Online Python, SQL, Data scientist tutor needed in पवई","Hi! I am trying to become a data scientist and would like to start applying for jobs by January. I need help solving leetcode problems, specifically in python and sql. Let me know if you can help, thanks!",https://www.teacheron.com/teacher-job/3531
Online Python assignment help tutor required in Gachibowli,Need Python coding help for my online campus online exam help via whatsup or telegram,https://www.teacheron.com/teacher-job/35fB
"Home | online Python, Django teacher needed in Nashik","We are having 4 days Offline assignment @ Nasik location, looking for freelance trainer Technology - Python with Django Training dates : 25th Aug to 28th Aug 2022Trainers from Pune & Mumbai from Maharashtra can also apply if they are available on above dates.",https://www.teacheron.com/teacher-job/35fd
"Online Python, C, Software tutor needed in Austral","I am looking for someone to teach ethical hacking, software developer and cyber security and networking.please do not call... only message, I will call you myself. Thanks",https://www.teacheron.com/teacher-job/35dU
Online Python tutor needed in Queens,Assalamuilikum brother I want to learn python on line live class . If you offer this on line . What is the requirements and what’s is cost of your program . How long is the program? Please let me know thanks again,https://www.teacheron.com/teacher-job/35cE
Online Aptitude assignment help teacher required in Sanjeeva Reddy Nagar,I need help in my assignment of python. It's urgent My number is ********* Please call me asap.I don't have enough coins to contact you,https://www.teacheron.com/teacher-job/35jW
Online Computer Science assignment help tutor needed in Gwalior,"I am looking for experts of python, computer science, information technology . I need experienced experts because i have more work of international university students i give garranty 80+ marks.If you are interested then contact me on whatsapp. Thank you",https://www.teacheron.com/teacher-job/359y
"Online | home Python, Linux tutor needed in Thiruvanmiyur",I need a mentor on python full and linux. And help me in work assignment,https://www.teacheron.com/teacher-job/356y
Online Python assignment help teacher needed in Mumbai Central,need python programmer for social science coding.,https://www.teacheron.com/teacher-job/353o
Online Python assignment help teacher required in Bronx,Need help with a python assignment,https://www.teacheron.com/teacher-job/352a
Online Python Basics assignment help teacher required in Silvassa,Looking for someone who can help in Python projects.thanyou. preferable timings for conversation would be after 9 pm.,https://www.teacheron.com/teacher-job/3584
"Online Python 3, Webscraping teacher needed in Vasant Kunj","Need to setup Data Scrape for a website requiring login/Password.Should be able to automate login and reach secure pageShould be able to download required PDF from a further required webpage.Can be done as a project or classU.S code + Paanch shunya ekk chey naun ekk chaar paanch ekk aaathshubh prabhaat, talk to you soon",https://www.teacheron.com/teacher-job/353U
"Online Selenium, Python teacher required in Tel Aviv-Yafo","Ive started learning python online, and I want to learn to code a program that finds the best Aliexpress product in a specific niche(for example home sport training), based on different variables. the variables are number of orders, positive feedback, seller rating, likes count and ratings of products from the same shop If it’s...",https://www.teacheron.com/teacher-job/34Zb
"Online Python, Informatics Practices (CBSE) teacher needed in Thiruvananthapuram","Hello, I’m mithra madhu. I’m in grade 11 in good shepherd school, Trivandrum. In my previous school, they did not teach us much base due to which I’m lagging behind. We’ve Python as our syllabus and I truly think you can help me out ********* is my number. Do reach out.I am looking for an online tutor. Preferable timings for classes will be on...",https://www.teacheron.com/teacher-job/34YF
"Online Python, Python 3, Assessment tutor needed in Kukatpally",HackerRank / Leetcode online interview-preparation-kit / assessment course tutoring in Python 3 language.2 to 3 months Duration.https://www.hackerrank.com/interview/interview-preparation-kitcontact immediately.Email: ******,https://www.teacheron.com/teacher-job/34V0
Online Python assignment help teacher needed in Guntur,"I Want help in python , before that i would like to know about more and explain about it detailed manner, so that i can have idea whether the teacher suits or not",https://www.teacheron.com/teacher-job/34Fx
"Online Python, Pandas, NumPy tutor needed in Sarita Vihar","Looking for help with Python with AI- numpy, markov decision process, learning searching algorithms, pandas, AIMA, Py datalog",https://www.teacheron.com/teacher-job/34SP
Online Python teacher needed in Thane,PythonData science and Machine learning,https://www.teacheron.com/teacher-job/34Sc
Online Python 3 tutor required in Levent,i need help with opencv to make an object detection of a model i saved using tensorflow saved models. I am making a waste sorting cnn tool using computer vision and i just need to inplement it on my camera using opencv.,https://www.teacheron.com/teacher-job/34WV
Online Artificial intelligence teacher required in Edappally,Looking for experienced tutors who can teach Artificial intelligence and Programme language python Only experienced tutors with good communication skills please contact me only through what's app by sending your profile ( Resume ),https://www.teacheron.com/teacher-job/34Tc
Online Raspberry pi assignment help tutor required in Hillah,"HiI have ""Mobile Eyewear Recorder"" glasses with a camera that broadcasts data through their Wi-Fi and a Raspberry Pi 4 computer (8GB). If anyone can help me to write and run a Python code to receive online video from the glasses' camera using a Raspberry Pi.Regards",https://www.teacheron.com/teacher-job/34SB
"Home | online Programming, Python teacher needed in Lumban","Hi! I'm interested for python tutor.. Also, okay with online",https://www.teacheron.com/teacher-job/34NR
Online Python assignment help teacher needed in Madhavaram,I want to do my masters project in python.,https://www.teacheron.com/teacher-job/34Nz
"Home | online JAVA, Python tutor required in Kankurgachi","MY NAME IS MRIGANKA DUTTA. I AM PURSUING MY BTECH FROM IEM,SALTALKE . CURRENTLY I AM IN MY 3RD YEAR 5 TH SEMESTER . I AM REALLY INTERESTED IN LERNING COMPETITIVE PROGRAMMING AND ALSO I AM NOT THAT GREAT WITH MANY OF CODING SKILLS NOW AND WANT SOME RELIABLE PERSON TO HELP ME IN THIS THING.",https://www.teacheron.com/teacher-job/34Lc
"Online Python, C++, Problem solving tutor needed in Cairo",We are looking for couch for problem solving (C++ or Python) online for beginner level If you're interested; please contact me on (Whatsapp and phone calls available),https://www.teacheron.com/teacher-job/34L4
Online Python tutor needed in Madhapur,I am Looking for someone with experience in Python,https://www.teacheron.com/teacher-job/34JG
Online Python assignment help teacher needed in Sakyo Ward,I am currently working on a realtime labview program for filtering SWR(Sharp Wave Ripples) from brain waves. I would like to explain the details through conversation.English is fine for me.,https://www.teacheron.com/teacher-job/34K3
Online Python assignment help teacher needed in Kalkaji,"looking for Data Science with python, google collab teacher",https://www.teacheron.com/teacher-job/34JE
"Online JAVA, Python tutor needed in Berwyn","I am looking for a tutor from India who can teach my 6th grader Java and it's foundational elements. My kid is aware of basic programming nuggets and was with White hat for 2 + years. I am not looking for a theoretical programmer. I am looking for someone who has academically accelerated and is well versed with ""Why"" and ""How"" part of programming.",https://www.teacheron.com/teacher-job/34Hh
Online Python assignment help tutor required in Pimple Saudagar,Looking for Data Engineer/Scientist bootcamps / tutors that know or worked with bootcamps/course that can provide job guarantee of $80-100k/yr remote work,https://www.teacheron.com/teacher-job/34GD
"Online Python, Appium teacher needed in Bommanahalli",I want to learn appium with python. Anyone can help? It is just to configure with sample code from the internet to show how it works. it does not take more than 2-3 hours of effort.,https://www.teacheron.com/teacher-job/34yU
